Country,vaccinationratio,populationratio,ratioofratios
India,0.8949506763760637,0.9445608246500028,0.9474780797813401
